1	compile	arrays	01_basic_long_arrays	output	1	1	-	-	-
2	compile	arrays	01_default_base0_normal_and_classic_udt	output	0	0	0	OK	NO
3	compile	arrays	01_integer_family_1d	output	0	0	0	OK	NO
4	compile	arrays	01_redim_byte	output	1	1	-	-	-
5	compile	arrays	02_fixed_string_and_scalars	output	1	1	-	-	-
6	compile	arrays	02_integer_family_2d	output	0	0	0	OK	NO
7	compile	arrays	02_option_base1_only_affects_later_normal_arrays	output	0	0	0	OK	NO
8	compile	arrays	02_redim_ubyte	output	1	1	-	-	-
9	compile	arrays	03_integer_family_3d	output	0	0	0	OK	NO
10	compile	arrays	03_option_base1_affects_later_classic_udt_member_arrays	output	0	0	0	OK	NO
11	compile	arrays	03_redim_integer	output	1	1	-	-	-
12	compile	arrays	03_udt_member_arrays	output	1	1	-	-	-
13	compile	arrays	04_float_family	output	1	1	-	-	-
14	compile	arrays	04_option_base_explicit_bounds	output	1	1	-	-	-
15	compile	arrays	04_option_base1_affects_later_as_list_member_arrays	output	1	1	-	-	-
16	compile	arrays	04_redim_uinteger	output	1	1	-	-	-
17	compile	arrays	05_explicit_bounds_ignore_option_base1	output	1	1	-	-	-
18	compile	arrays	05_fixed_length_string	output	0	0	0	FAIL	-
19	compile	arrays	05_redim_long	output	1	1	-	-	-
20	compile	arrays	06_option_base1_classic_udt_two_dimensions	output	0	0	0	OK	NO
21	compile	arrays	06_redim_ulong	output	1	1	-	-	-
22	compile	arrays	06_variable_string	output	1	1	-	-	-
23	compile	arrays	07_nested_udt	output	1	1	-	-	-
24	compile	arrays	07_option_base1_as_list_udt_two_dimensions	output	1	1	-	-	-
25	compile	arrays	07_redim_integer64	output	1	1	-	-	-
26	compile	arrays	08_redim_uinteger64	output	1	1	-	-	-
27	compile	arrays	08_whole_member_array_memops_numeric	output	1	1	-	-	-
28	compile	arrays	09_layout_and_mixed_members	output	1	1	-	-	-
29	compile	arrays	09_redim_single	output	1	1	-	-	-
30	compile	arrays	10_redim_double	output	1	1	-	-	-
31	compile	arrays	11_redim_float	output	1	1	-	-	-
32	compile	arrays	12_redim_fixed_string	output	1	1	-	-	-
33	compile	arrays	13_redim_2d_long	output	1	1	-	-	-
34	compile	arrays	14_redim_instance_isolation	output	1	1	-	-	-
35	compile	arrays	15_redim_deep_nested	output	1	1	-	-	-
36	compile	arrays	21_redim_preserve_byte	output	1	1	-	-	-
37	compile	arrays	22_redim_preserve_ubyte	output	1	1	-	-	-
38	compile	arrays	23_redim_preserve_integer	output	1	1	-	-	-
39	compile	arrays	24_redim_preserve_uinteger	output	1	1	-	-	-
40	compile	arrays	25_redim_preserve_long	output	1	1	-	-	-
41	compile	arrays	26_redim_preserve_ulong	output	1	1	-	-	-
42	compile	arrays	27_redim_preserve_integer64	output	1	1	-	-	-
43	compile	arrays	28_redim_preserve_uinteger64	output	1	1	-	-	-
44	compile	arrays	29_redim_preserve_single	output	1	1	-	-	-
45	compile	arrays	30_redim_preserve_double	output	1	1	-	-	-
46	compile	arrays	31_redim_preserve_float	output	1	1	-	-	-
47	compile	arrays	32_redim_preserve_fixed_string	output	1	1	-	-	-
48	compile	arrays	33_redim_preserve_2d_long	output	1	1	-	-	-
49	compile	arrays	34_redim_preserve_instance_isolation	output	1	1	-	-	-
50	compile	arrays	35_redim_preserve_deep_nested	output	1	1	-	-	-
51	compile	arrays	36_redim_preserve_packed_bit_shrink_grow	output	0	0	0	OK	YES
52	compile	arrays	37_redim_retain_packed_bit_2d	output	1	1	-	-	-
53	compile	arrays	39_err_member_must_be_const	err	0	1	-	-	-
54	compile	arrays	40_err_undefined_type	err	0	0	-	-	-
55	compile	arrays	41_err_undefined_array	err	1	1	-	-	-
56	compile	arrays	42_err_solved_bug_Incorrect_nr_of_args	err	1	1	-	-	-
57	compile	arrays	43_err_solved_bug_Incorrect_nr_of_args	err	1	1	-	-	-
58	compile	arrays	44_err_solved_bug_Incorrect_nr_of_args	err	1	1	-	-	-
59	compile	arrays	45_err_solved_bug_Incorrect_nr_of_args	err	0	0	-	-	-
60	compile	arrays	46_Mem_Parent	output	0	1	-	-	-
61	compile	arrays	47_zero_fill_fixed_strings_erase_redim	output	1	1	-	-	-
62	compile	arrays	90_type_codegen_inline_varstrings	output	1	1	-	-	-
63	compile	arrays	91_type_codegen_nested_inline_owner	output	1	1	-	-	-
64	compile	arrays	92_type_codegen_dynamic_varstrings	output	1	1	-	-	-
65	compile	arrays	93_type_codegen_dynamic_owner_udt	output	1	1	-	-	-
66	compile	arrays	94_type_codegen_inline_descriptor_udt	output	1	1	-	-	-
67	compile	arrays	95_type_codegen_clear_inline_owner	output	1	1	-	-	-
68	compile	arrays	array_arg_dimensions_transitive	output	0	0	0	OK	NO
69	compile	arrays	array_elements_change	err	1	1	-	-	-
70	compile	arrays	ArrayCopyTest	output	1	1	-	-	-
71	compile	arrays	ArrayCopyTest_1	output	1	1	-	-	-
72	compile	arrays	ArrayCopyTest_2	output	1	1	-	-	-
73	compile	arrays	ArrayCopyTest_3	output	1	1	-	-	-
74	compile	arrays	comma_array_parameter	output	0	0	0	OK	YES
75	compile	arrays	datatype_coverage_strings_and_sizes	output	1	1	-	-	-
76	compile	arrays	erase_dynamic_string_array_reuse	output	0	1	-	-	-
77	compile	arrays	multiple_arrays_same_type	output	1	1	-	-	-
78	compile	arrays	negative_array_size	err	0	0	-	-	-
79	compile	arrays	negative_array_size_2	err	0	0	-	-	-
80	compile	arrays	nested_udt_array_of_udt_with_array	output	1	1	-	-	-
81	compile	arrays	nonzero_bounds_negative	output	1	1	-	-	-
82	compile	arrays	nonzero_bounds_positive	output	1	1	-	-	-
83	compile	arrays	put_get_write_read_fixed_string	output	1	1	-	-	-
84	compile	arrays	put_get_write_read_UDT_fixed_string	output	1	1	-	-	-
85	compile	arrays	Retain_Preserve	output	1	1	-	-	-
86	compile	arrays	retain_test	output	1	1	-	-	-
87	compile	arrays	size	output	0	1	-	-	-
88	compile	arrays	t_qb64pe_refactor_inline_reset_owner_udt	output	1	1	-	-	-
89	compile	arrays	t_qb64pe_refactor_inline_reset_strings	output	1	1	-	-	-
90	compile	arrays	t_qb64pe_refactor_preserve_inline_varstrings	output	1	1	-	-	-
91	compile	arrays	t_qb64pe_refactor_raw_redim_descriptor	output	1	1	-	-	-
92	compile	arrays	t_qb64pe_refactor_raw_redim_preserve	output	1	1	-	-	-
93	compile	arrays	t_qb64pe_refactor_retain_coordinate_payloads	output	1	1	-	-	-
94	compile	arrays	t_qb64pe_refactor_retain_descriptor_udt	output	1	1	-	-	-
95	compile	arrays	t_qb64pe_refactor_retain_nested_owner_array	output	1	1	-	-	-
96	compile	arrays	t001_whole_array_core	output	1	1	-	-	-
97	compile	arrays	t002_whole_array_udt_ownership	output	1	1	-	-	-
98	compile	arrays	t003_whole_array_member_assign	output	1	1	-	-	-
99	compile	arrays	t024_whole_target_bare_source	err	1	1	-	-	-
100	compile	arrays	t025_bare_target_whole_source	err	0	1	-	-	-
101	compile	arrays	t026_whole_target_indexed_source	err	1	1	-	-	-
102	compile	arrays	t027_indexed_target_whole_source	err	0	1	-	-	-
103	compile	arrays	t028_member_target_no_index	err	1	1	-	-	-
104	compile	arrays	t029_member_source_no_index	err	1	1	-	-	-
105	compile	arrays	t030_member_indexed_target_bare_source	err	1	1	-	-	-
106	compile	arrays	t031_member_bare_target_indexed_source	err	1	1	-	-	-
107	compile	arrays	t032_both_members_bare	err	1	1	-	-	-
108	compile	arrays	t033_member_whole_target_bare_source	err	1	1	-	-	-
109	compile	arrays	t034_member_bare_target_whole_source	err	1	1	-	-	-
110	compile	arrays	t035_member_whole_target_indexed_source	err	1	1	-	-	-
111	compile	arrays	t036_member_indexed_target_whole_source	err	1	1	-	-	-
112	compile	arrays	t037_scalar_target_whole_source	err	0	1	-	-	-
113	compile	arrays	t038_whole_target_scalar_source	err	1	1	-	-	-
114	compile	arrays	t039_scalar_member_target_whole_member_source	err	1	1	-	-	-
115	compile	arrays	t040_scalar_equals_whole_array	err	0	1	-	-	-
116	compile	arrays	t040_whole_member_target_scalar_member_source	err	1	1	-	-	-
117	compile	arrays	t041_whole_array_equals_scalar	err	1	1	-	-	-
118	compile	arrays	t042_scalar_member_equals_whole_member	err	1	1	-	-	-
119	compile	arrays	t043_whole_member_equals_scalar_member	err	1	1	-	-	-
120	compile	arrays	t044_both_members_bare	err	1	1	-	-	-
121	compile	arrays	t045_function_scalar_array	err	0	1	-	-	-
122	compile	arrays	t046_sub_scalar_array	err	0	1	-	-	-
123	compile	arrays	t200_dynfield_numeric_per_parent	output	1	1	-	-	-
124	compile	arrays	t201_dynfield_2d_retain	output	1	1	-	-	-
125	compile	arrays	t202_dynfield_parent_retain	output	1	1	-	-	-
126	compile	arrays	t203_dynfield_array_assign_deepcopy	output	1	1	-	-	-
127	compile	arrays	t204_dynfield_erase_reuse	output	1	1	-	-	-
128	compile	arrays	t205_dynfield_string_retain	output	1	1	-	-	-
129	compile	arrays	t206_dynfield_nested_udt_owner	output	1	1	-	-	-
130	compile	arrays	t207_dynfield_nested_udt_deepcopy	output	1	1	-	-	-
131	compile	arrays	t208_dynfield_option_base_1	output	1	1	-	-	-
132	compile	arrays	t209_dynfield_mixed_legacy_inline	output	1	1	-	-	-
133	compile	arrays	t210_dynfield_static_fixed_string_mix	output	1	1	-	-	-
134	compile	arrays	t210_negative_bounds_1d	output	1	1	-	-	-
135	compile	arrays	t211_positive_nonzero_bounds_1d	output	1	1	-	-	-
136	compile	arrays	t212_single_element_explicit_bound	output	1	1	-	-	-
137	compile	arrays	t213_parent_nonzero_bounds	output	1	1	-	-	-
138	compile	arrays	t214_parent_negative_bounds	output	1	1	-	-	-
139	compile	arrays	t215_two_dim_mixed_bounds	output	1	1	-	-	-
140	compile	arrays	t216_three_dim_small_cube	output	1	1	-	-	-
141	compile	arrays	t217_multi_members_independent	output	1	1	-	-	-
142	compile	arrays	t218_scalar_members_around_dynfields	output	1	1	-	-	-
143	compile	arrays	t219_fixed_string_scalar_around_dynfield	output	1	1	-	-	-
144	compile	arrays	t220_2	output	1	1	-	-	-
145	compile	arrays	t220_varstring_scalar_around_dynfield	output	1	1	-	-	-
146	compile	arrays	t221_signed_byte_dynamic	output	1	1	-	-	-
147	compile	arrays	t222_unsigned_byte_dynamic	output	1	1	-	-	-
148	compile	arrays	t223_integer_dynamic	output	1	1	-	-	-
149	compile	arrays	t224_unsigned_integer_dynamic	output	1	1	-	-	-
150	compile	arrays	t225_long_dynamic_arithmetic	output	1	1	-	-	-
151	compile	arrays	t226_unsigned_long_dynamic	output	1	1	-	-	-
152	compile	arrays	t227_integer64_dynamic	output	1	1	-	-	-
153	compile	arrays	t228_unsigned_integer64_dynamic	output	1	1	-	-	-
154	compile	arrays	t229_single_dynamic_tolerance	output	1	1	-	-	-
155	compile	arrays	t230_double_dynamic_tolerance	output	1	1	-	-	-
156	compile	arrays	t231_fixed_len_string_dynamic_field	output	1	1	-	-	-
157	compile	arrays	t232_static_fixed_len_string_array	none	1	1	-	-	-
158	compile	arrays	t232_staticfield_fixed_len_string_array	output	1	1	-	-	-
159	compile	arrays	t233_unmarked_inline_numeric_array_redim_parent	output	1	1	-	-	-
160	compile	arrays	t234_unmarked_inline_varstring_array_redim_parent	output	1	1	-	-	-
161	compile	arrays	t235_member_redim_expand_no_retain	output	1	1	-	-	-
162	compile	arrays	t236_member_redim_retain_expand	output	1	1	-	-	-
163	compile	arrays	t237_member_redim_retain_shrink	output	1	1	-	-	-
164	compile	arrays	t238_member_redim_preserve_expand	output	1	1	-	-	-
165	compile	arrays	t239_ordinary_member_redim_clears	output	1	1	-	-	-
166	compile	arrays	t240_erase_member_then_redim	output	1	1	-	-	-
167	compile	arrays	t241_swap_parent_elements	output	1	1	-	-	-
168	compile	arrays	t242_swap_indexed_member_values	output	1	1	-	-	-
169	compile	arrays	t243_computed_index_access	output	1	1	-	-	-
170	compile	arrays	t244_nested_fixed_udt_dynamic_field	output	1	1	-	-	-
171	compile	arrays	t245_nested_fixed_udt_2d_dynamic_field	output	1	1	-	-	-
172	compile	arrays	t246_nested_owner_scalar_gap	output	1	1	-	-	-
173	compile	arrays	t247_parent_redim_ordinary_resets	output	1	1	-	-	-
174	compile	arrays	t248_parent_redim_retain_expands	output	1	1	-	-	-
175	compile	arrays	t249_fixed_len_string_2d_dynamic_field	output	1	1	-	-	-
176	compile	arrays	t260_preserve_1d_member_expand_nonzero_parent	output	1	1	-	-	-
177	compile	arrays	t261_preserve_1d_member_shrink_fixed_string	output	1	1	-	-	-
178	compile	arrays	t262_retain_member_multi_resize_numeric	output	1	1	-	-	-
179	compile	arrays	t263_retain_parent_multi_resize_with_member	output	1	1	-	-	-
180	compile	arrays	t264_erase_member_then_rebuild_bounds	output	1	1	-	-	-
181	compile	arrays	t265_swap_parent_elements_different_member_bounds	output	1	1	-	-	-
182	compile	arrays	t266_putget_fixed_dynamic_fields	output	1	1	-	-	-
183	compile	arrays	t267_putget_fixed_scalar_string_nonzero_bounds	output	1	1	-	-	-
184	compile	arrays	t268_negative_put_scalar_varstring	err	1	1	-	-	-
185	compile	arrays	t269_negative_get_dynamic_varstring_field	err	1	1	-	-	-
186	compile	arrays	t270_dynamic_static_same_type_bounds	output	1	1	-	-	-
187	compile	arrays	t271_dynamic_static_parent_retain	output	1	1	-	-	-
188	compile	arrays	t272_dynamic_static_array_assign_deepcopy	output	1	1	-	-	-
189	compile	arrays	t273_dynamic_static_option_base_1	output	1	1	-	-	-
190	compile	arrays	t274_nested_dynamic_static_owner	output	1	1	-	-	-
191	compile	arrays	t275_static_dynamic_member_erase_rebuild_heavy	output	1	1	-	-	-
192	compile	arrays	t276_static_dynamic_dim_parent_member_redim	output	1	1	-	-	-
193	compile	arrays	t277_static_dynamic_parent_redim_reset_retain	output	1	1	-	-	-
194	compile	arrays	t278_nested_static_dynamic_copy_erase_rebuild	output	1	1	-	-	-
195	compile	arrays	t279_static_dynamic_2d_retain_parent_resize	output	1	1	-	-	-
196	compile	arrays	t280_static_dynamic_swap_erase_parent_reuse	output	1	1	-	-	-
197	compile	arrays	t281_static_dynamic_option_base1_heavy	output	1	1	-	-	-
198	compile	arrays	t659_array_assignment_control	output	1	1	-	-	-
199	compile	arrays	t659_explicit_call_control	output	0	0	0	OK	NO
200	compile	arrays	t659_sub_call_comparisons	output	1	1	-	-	-
201	compile	arrays	t659_variable_boolean_expr	output	1	1	-	-	-
202	compile	arrays	test_mem_vs_len	output	1	1	-	-	-
203	compile	arrays	test_mem_vs_len_classic	output	0	1	-	-	-
204	compile	arrays	type_dynamic_string_member_array_param	output	1	1	-	-	-
205	compile	arrays	type_dynamic_string_slot_32bit	none	1	1	-	-	-
206	compile	arrays	type_inline_nested_descriptor_preserve	output	1	1	-	-	-
207	compile	arrays	type_inline_nested_descriptor_retain	output	1	1	-	-	-
208	compile	arrays	type_member_arrays_as_parameters	none	1	1	-	-	-
209	compile	arrays	type_nested_descriptor_payload_clone	output	1	1	-	-	-
210	compile	arrays	type_owner_self_assignment	output	1	1	-	-	-
211	compile	arrays	whole_member_array_ops_nonzero_bounds	output	1	1	-	-	-
212	compile	audio_handle_test	handle_test	output	0	0	0	FAIL	-
213	compile	audio_mem_test	newsound_test	output	0	1	-	-	-
214	compile	audio_mem_test	sndopen_mem_test	output	0	0	0	FAIL	-
215	compile	audio_out	test	none	0	0	-	-	-
216	compile	audio_sound_test	sound_test	output	0	0	0	FAIL	-
217	compile	audio_test	test	none	0	0	-	-	-
218	compile	auto_include	am-trigger	output	0	0	0	OK	YES
219	compile	auto_include	color0	output	0	1	-	-	-
220	compile	auto_include	color32	output	0	1	-	-	-
221	compile	auto_include	debug	output	0	0	0	OK	NO
222	compile	auto_include	general	output	0	0	0	FAIL	-
223	compile	auto_include	no-debug	output	0	0	0	OK	YES
224	compile	basic	test	none	0	0	-	-	-
225	compile	basic	val_default_large_integer_decimal	output	0	0	0	OK	YES
226	compile	basic	val_default_regression	output	0	0	0	OK	NO
227	compile	basic	val_typed_floating_precision	output	0	0	0	FAIL	-
228	compile	basic	val_typed_large_integer_decimal	output	0	0	0	FAIL	-
229	compile	basic	val_typed_nondecimal_precision	output	0	0	0	FAIL	-
230	compile	basic	val_typed_tostr_overload	output	0	0	0	FAIL	-
231	compile	cast	cast_test	output	0	0	0	FAIL	-
232	compile	clipboard	clipboard_test	output	0	1	-	-	-
233	compile	colors	color_with_dest	output	1	1	-	-	-
234	compile	colors	test	output	0	1	-	-	-
235	compile	console	test	output	0	0	0	OK	NO
236	compile	console_only	audio_out	output	0	0	0	OK	NO
237	compile	console_only	data	output	0	0	0	OK	NO
238	compile	console_only	devices	output	0	0	0	FAIL	-
239	compile	console_only	image	output	0	0	0	FAIL	-
240	compile	console_only	libz	output	0	0	0	OK	NO
241	compile	console_only	midi	output	0	0	0	FAIL	-
242	compile	console_only	network	none	0	0	-	-	-
243	compile	console_only	print_console_null_char	output	0	0	0	OK	NO
244	compile	console_only	screenimage	output	0	0	0	OK	NO
245	compile	const	bad_boolean_arg	err	0	1	-	-	-
246	compile	const	bad_not_no_arg	err	1	1	-	-	-
247	compile	const	bad_not_to_many_args	err	0	0	-	-	-
248	compile	const	bad_single_arg	err	1	1	-	-	-
249	compile	const	comma	output	0	0	0	OK	NO
250	compile	const	const_float	output	1	1	-	-	-
251	compile	const	const_replace	output	1	1	-	-	-
252	compile	const	const_sub	output	0	0	0	FAIL	-
253	compile	const	expression	output	1	1	-	-	-
254	compile	const	hex_literals	output	1	1	-	-	-
255	compile	const	math_funcs	output	0	1	-	-	-
256	compile	const	not_bad_identifier	err	1	1	-	-	-
257	compile	const	not_string	err	0	1	-	-	-
258	compile	const	offset	err	0	0	-	-	-
259	compile	const	rho_test	none	0	0	-	-	-
260	compile	const	too_few_arguments_to_boolean	err	1	1	-	-	-
261	compile	const	type_mismatch_string_integer	err	0	1	-	-	-
262	compile	const	type_mismatch_string_subtract	err	0	1	-	-	-
263	compile	const	undefined_argument	err	0	1	-	-	-
264	compile	const	undefined_argument_first	err	0	1	-	-	-
265	compile	data	test	output	0	0	0	OK	NO
266	compile	declare_library	test	output	0	0	0	OK	NO
267	compile	declare_library_dynamic	test	output	0	0	0	FAIL	-
268	compile	declare_library_external	test	output	0	0	0	FAIL	-
269	compile	declare_library_external	test_stripped	output	0	0	0	OK	NO
270	compile	declare_library_header	test	output	0	0	0	FAIL	-
271	compile	declare_library_header	test-compile-base	output	0	0	0	FAIL	-
272	compile	declare_library_header	test-compile-base-directory	output	0	0	0	FAIL	-
273	compile	declare_library_header	test-include	output	124	124	-	-	-
274	compile	declare_library_static	test	output	1	1	-	-	-
275	compile	deviceinput	test	output	0	0	0	FAIL	-
276	compile	dollar$sign$test	dollar$sign	output	0	0	0	OK	YES
277	compile	embed	test	output	1	1	-	-	-
278	compile	embed_relative	test	output	0	0	0	FAIL	-
279	compile	environ	set_environ	output	0	0	0	OK	NO
280	compile	filename	filename.extra.extension	none	0	0	-	-	-
281	compile	filesystem	filesys_test	output	0	0	0	FAIL	-
282	compile	font	test	output	101	101	-	-	-
283	compile	func_tostr	double	output	0	1	-	-	-
284	compile	func_tostr	float	output	0	1	-	-	-
285	compile	func_tostr	mmConst	output	0	0	0	FAIL	-
286	compile	func_tostr	mmLiteral	output	1	1	-	-	-
287	compile	func_tostr	mmVariable	output	1	1	-	-	-
288	compile	func_tostr	single	output	0	1	-	-	-
289	compile	glut	desktopheight	output	0	0	0	OK	NO
290	compile	glut	desktopwidth	output	0	0	0	OK	NO
291	compile	glut	icon	output	0	0	0	OK	YES
292	compile	glut	mousecursor	output	1	1	-	-	-
293	compile	glut	mousehide	output	0	0	0	OK	YES
294	compile	glut	mouseshow	output	0	0	0	OK	YES
295	compile	glut	screenexists	output	0	0	0	OK	NO
296	compile	glut	screenhide	output	0	0	0	OK	YES
297	compile	glut	screenhide_commands	output	1	1	-	-	-
298	compile	glut	screenhide_sub	output	1	1	-	-	-
299	compile	glut	screenicon	output	1	1	-	-	-
300	compile	glut	screenshow	output	0	0	0	OK	YES
301	compile	glut	screenx	output	0	0	0	OK	NO
302	compile	glut	screeny	output	0	0	0	OK	NO
303	compile	glut	title	output	0	0	0	OK	YES
304	compile	glut	title_func	output	0	0	0	OK	NO
305	compile	glut	windowhandle	output	0	1	-	-	-
306	compile	glut	windowhasfocus	output	0	0	0	OK	NO
307	compile	glut	windowsizelimit	output	1	1	-	-	-
308	compile	hash	test	output	0	0	0	FAIL	-
309	compile	http	invalid_url	output	0	0	0	OK	NO
310	compile	http	read_example	output	0	0	0	FAIL	-
311	compile	http	statuscode_invalid_handle	output	0	0	0	OK	NO
312	compile	icon	test	none	0	0	-	-	-
313	compile	icon_relative	test	none	0	0	-	-	-
314	compile	iif	iif_test	output	1	1	-	-	-
315	compile	image	curico_test	output	101	101	-	-	-
316	compile	image	pcx_test	output	101	101	-	-	-
317	compile	image	svg_test	output	0	1	-	-	-
318	compile	image	test	output	0	0	0	FAIL	-
319	compile	image	webp_test	output	101	101	-	-	-
320	compile	include_once	test	output	101	101	-	-	-
321	compile	include_paths	include_fixed_compile_location	output	1	1	-	-	-
322	compile	include_paths	include_multiple	output	1	1	-	-	-
323	compile	include_paths	include_relative	output	0	0	0	OK	YES
324	compile	keyboard	devices_windows	output	1	1	-	-	-
325	compile	libz	test	output	1	1	-	-	-
326	compile	logging	commands	output	0	0	0	OK	YES
327	compile	logging	consts	output	0	0	0	FAIL	-
328	compile	mem	mem_checking_off	output	1	1	-	-	-
329	compile	midi	midisoundbank_embed_test	output	0	1	-	-	-
330	compile	midi	midisoundbank_file_test	output	0	0	0	FAIL	-
331	compile	midi	midisoundbank_memory_test	output	101	101	-	-	-
332	compile	name with spaces	test	output	0	0	0	OK	NO
333	compile	noprompt	noprompt-continue	output	0	0	0	OK	NO
334	compile	noprompt	noprompt-continue-fatal	output	0	0	0	OK	NO
335	compile	noprompt	noprompt-y	output	0	0	0	OK	NO
336	compile	offset	offset_test	output	0	1	-	-	-
337	compile	on_error	errtest	output	0	0	0	FAIL	-
338	compile	opengl	test	none	0	0	-	-	-
339	compile	operators_test	op_exp	output	1	1	-	-	-
340	compile	overloaded	test	output	1	1	-	-	-
341	compile	paint	tile_border_black_bg	output	1	1	-	-	-
342	compile	paint	tile_border_black_nocolor	output	1	1	-	-	-
343	compile	paint	tile_border_white_bg	output	1	1	-	-	-
344	compile	paint	tile_border_white_nocolor	output	1	1	-	-	-
345	compile	paint	tile_noborder_black_bg	output	1	1	-	-	-
346	compile	paint	tile_noborder_white_bg	output	1	1	-	-	-
347	compile	parens()	parens()	output	0	0	0	OK	YES
348	compile	precomp-flags	all	output	0	0	0	OK	NO
349	compile	precomp-flags	asserts	output	0	0	0	OK	NO
350	compile	precomp-flags	assertscon	output	0	0	0	OK	YES
351	compile	precomp-flags	console	output	0	0	0	OK	NO
352	compile	precomp-flags	consoleonly	output	0	0	0	OK	NO
353	compile	precomp-flags	debug	output	0	0	0	OK	NO
354	compile	precomp-flags	explicit	output	0	0	0	OK	NO
355	compile	precomp-flags	explicitarr	output	0	0	0	OK	NO
356	compile	precomp-flags	socket	output	0	0	0	OK	NO
357	compile	print	auto_semicolon_insertion	output	0	1	-	-	-
358	compile	putimage	putimage_test	output	1	1	-	-	-
359	compile	qb64pe	dwd	output	0	1	-	-	-
360	compile	qb64pe	element	output	0	0	0	OK	NO
361	compile	qb64pe	element_createElementString	output	0	0	0	OK	NO
362	compile	qb64pe	element_getnextelement	output	0	0	0	OK	NO
363	compile	qb64pe	element_getprevelement	output	0	0	0	OK	NO
364	compile	qb64pe	element_getStringValue	output	0	0	0	OK	NO
365	compile	qb64pe	file	output	0	0	0	OK	NO
366	compile	qb64pe	hasFunctionElement	output	0	0	0	OK	NO
367	compile	qb64pe	prepass	output	0	1	-	-	-
368	compile	qb64pe	string	output	0	1	-	-	-
369	compile	rotations	test	output	1	1	-	-	-
370	compile	screenimage	test	output	0	0	0	OK	NO
371	compile	single'quote'test	single'quote'test	output	0	0	0	OK	NO
372	compile	sockets	test	none	0	0	-	-	-
373	compile	source_ordering	checking_off	output	1	1	-	-	-
374	compile	source_ordering	data_positioning	output	0	0	0	OK	NO
375	compile	source_ordering	define	output	0	0	0	OK	NO
376	compile	source_ordering	goto_gosub	output	0	0	0	OK	YES
377	compile	source_ordering	sub_after_main	output	0	0	0	OK	YES
378	compile	source_ordering	sub_before_main	output	0	0	0	OK	YES
379	compile	timer	sleep_ends_early	output	0	0	0	OK	NO
380	compile	timer	timer_delayed_run	output	0	0	0	OK	NO
381	compile	timer	timer_first_run	output	0	0	0	OK	NO
382	compile	timer	timer_stop	output	0	0	0	OK	NO
383	compile	types	all_types	output	1	1	-	-	-
384	compile	types	dim	output	1	1	-	-	-
385	compile	types	dim_array	output	1	1	-	-	-
386	compile	types	dim_bad_bit_no_length	err	1	1	-	-	-
387	compile	types	dim_bad_string_no_length	err	1	1	-	-	-
388	compile	types	dim_bad_typename_byte	err	0	0	-	-	-
389	compile	types	dim_bad_typename_string	err	1	1	-	-	-
390	compile	types	nested_udt	output	0	1	-	-	-
391	compile	types	static	output	1	1	-	-	-
392	compile	types	static_array	output	1	1	-	-	-
393	compile	types	static_bad_bit_no_length	err	1	1	-	-	-
394	compile	types	static_bad_string_no_length	err	1	1	-	-	-
395	compile	types	static_bad_typename_byte	err	0	0	-	-	-
396	compile	types	static_bad_typename_string	err	1	1	-	-	-
397	compile	types	udt	output	0	0	0	OK	NO
398	compile	types	udt_array	output	0	1	-	-	-
399	compile	versioninfo	test	none	0	0	-	-	-
400	compile	versioninfo2	test	none	0	0	-	-	-
401	compile	versioninfo3	test	none	0	0	-	-	-
402	compile	view	window_view_mandelbrot	output	1	1	-	-	-
403	compile	view	window_view_screen_line	output	1	1	-	-	-
404	compile	winresource	test	none	0	0	-	-	-
405	qbasic	misc	3dballs	none	0	1	-	-	-
406	qbasic	misc	3dexp2	none	0	0	-	-	-
407	qbasic	misc	acalc	none	0	0	-	-	-
408	qbasic	misc	aklabeth	none	0	1	-	-	-
409	qbasic	misc	ascipong	none	0	0	-	-	-
410	qbasic	misc	audio	none	0	0	-	-	-
411	qbasic	misc	cabsmous	none	0	0	-	-	-
412	qbasic	misc	carols	none	0	1	-	-	-
413	qbasic	misc	chess	none	0	0	-	-	-
414	qbasic	misc	cuberot	none	0	0	-	-	-
415	qbasic	misc	djsok	none	0	0	-	-	-
416	qbasic	misc	flrmp	none	0	1	-	-	-
417	qbasic	misc	forest	none	0	0	-	-	-
418	qbasic	misc	frac1	none	0	0	-	-	-
419	qbasic	misc	frac2	none	0	0	-	-	-
420	qbasic	misc	frac3	none	0	0	-	-	-
421	qbasic	misc	frog	none	1	1	-	-	-
422	qbasic	misc	gor64	none	0	0	-	-	-
423	qbasic	misc	gujero	none	0	0	-	-	-
424	qbasic	misc	intrprtr	none	0	0	-	-	-
425	qbasic	misc	kite	none	0	0	-	-	-
426	qbasic	misc	lissaj	none	0	0	-	-	-
427	qbasic	misc	mandala	none	0	0	-	-	-
428	qbasic	misc	mandelb	none	0	0	-	-	-
429	qbasic	misc	matrix	none	0	0	-	-	-
430	qbasic	misc	mclock	none	0	0	-	-	-
431	qbasic	misc	message	none	0	0	-	-	-
432	qbasic	misc	mzupd2	none	0	0	-	-	-
433	qbasic	misc	nib64	none	0	0	-	-	-
434	qbasic	misc	pattern	none	0	0	-	-	-
435	qbasic	misc	rc-ent6	none	0	0	-	-	-
436	qbasic	misc	replicat	none	0	0	-	-	-
437	qbasic	misc	ripples	none	0	0	-	-	-
438	qbasic	misc	rot13	none	0	0	-	-	-
439	qbasic	misc	rotozoom	none	0	1	-	-	-
440	qbasic	misc	scramble	none	0	0	-	-	-
441	qbasic	misc	shoot	none	0	0	-	-	-
442	qbasic	misc	sinecube	none	0	0	-	-	-
443	qbasic	misc	ssaver	none	0	0	-	-	-
444	qbasic	misc	strfld	none	0	1	-	-	-
445	qbasic	misc	temple	none	0	0	-	-	-
446	qbasic	misc	tower	none	0	0	-	-	-
447	qbasic	misc	twirl2	none	0	0	-	-	-
448	qbasic	misc	vortex	none	0	1	-	-	-
449	qbasic	misc	wumpus	none	0	1	-	-	-
450	qbasic	misc	xwing	none	0	1	-	-	-
451	qbasic	3dsviewer	3dsviewer	none	0	0	-	-	-
452	qbasic	big	jpegmake	none	0	0	-	-	-
453	qbasic	big	tictac	none	0	0	-	-	-
454	qbasic	open_gl	3d_model_viewer	none	1	1	-	-	-
455	qbasic	open_gl	simple_example	none	1	1	-	-	-
456	qbasic	25lines	3dcube25	none	0	0	-	-	-
457	qbasic	25lines	npplasma	none	0	0	-	-	-
458	qbasic	25lines	starfild	none	0	0	-	-	-
459	qbasic	pete	alyman	none	0	0	-	-	-
460	qbasic	pete	asciiconversion	none	0	0	-	-	-
461	qbasic	pete	averager	none	0	0	-	-	-
462	qbasic	pete	battleship	none	0	0	-	-	-
463	qbasic	beatdown	bdt	none	0	0	-	-	-
464	qbasic	beatdown	beatdown	none	0	0	-	-	-
465	qbasic	beatdown	clickme	none	0	0	-	-	-
466	qbasic	pete	bj	none	0	0	-	-	-
467	qbasic	booger	booger	none	0	0	-	-	-
468	qbasic	pete	bush	none	0	0	-	-	-
469	qbasic	pete	calc	none	0	0	-	-	-
470	qbasic	pete	calc_2	none	0	0	-	-	-
471	qbasic	pete	carracingenglish	none	0	0	-	-	-
472	qbasic	pete	cc2	none	0	0	-	-	-
473	qbasic	pete	coolscr	none	0	0	-	-	-
474	qbasic	cr	cr	none	0	0	-	-	-
475	qbasic	pete	darokin	none	0	0	-	-	-
476	qbasic	darpong	darpong	none	0	0	-	-	-
477	qbasic	pete	degrees	none	0	0	-	-	-
478	qbasic	pete	diceit	none	0	0	-	-	-
479	qbasic	pete	drug3d	none	0	0	-	-	-
480	qbasic	pete	fight	none	0	0	-	-	-
481	qbasic	pete	gravity	none	0	0	-	-	-
482	qbasic	hgm30e	hgm30e	none	0	0	-	-	-
483	qbasic	html	test	none	0	0	-	-	-
484	qbasic	invader1	invader	none	0	0	-	-	-
485	qbasic	pete	kbdparse	none	0	0	-	-	-
486	qbasic	pete	lineswin	none	0	0	-	-	-
487	qbasic	pete	makebig	none	0	0	-	-	-
488	qbasic	monopoly	monopoly	none	0	0	-	-	-
489	qbasic	mooncr	mooncr	none	0	0	-	-	-
490	qbasic	pete	move	none	0	0	-	-	-
491	qbasic	pete	mrguessit	none	0	0	-	-	-
492	qbasic	nlcm2006	nlcm	none	0	0	-	-	-
493	qbasic	optimus	deedsaks	none	0	0	-	-	-
494	qbasic	pete	pall2	none	0	0	-	-	-
495	qbasic	pete	picdimreader	none	0	0	-	-	-
496	qbasic	pete	pongsource	none	0	0	-	-	-
497	qbasic	pongtennis	tennis	none	0	0	-	-	-
498	qbasic	pp256	usersubs	none	0	0	-	-	-
499	qbasic	pete	qbb	none	0	0	-	-	-
500	qbasic	pete	rats1	none	0	0	-	-	-
501	qbasic	pete	raytra1b	none	0	0	-	-	-
502	qbasic	pete	rect2	none	0	0	-	-	-
503	qbasic	rectong	rectong	none	0	0	-	-	-
504	qbasic	roboraid	roboraid	none	0	0	-	-	-
505	qbasic	pete	rotate	none	0	0	-	-	-
506	qbasic	pete	rug	none	0	0	-	-	-
507	qbasic	pete	screen	none	0	0	-	-	-
508	qbasic	simpire	ssimpire	none	0	0	-	-	-
509	qbasic	pete	skydiver	none	1	1	-	-	-
510	qbasic	pete	space1	none	0	0	-	-	-
511	qbasic	pete	stones	none	0	0	-	-	-
512	qbasic	su2	shoote	none	0	0	-	-	-
513	qbasic	su2	su2t	none	0	0	-	-	-
514	qbasic	pete	sudoku	none	0	0	-	-	-
515	qbasic	tank	tcv2	none	0	0	-	-	-
516	qbasic	pete	time	none	0	0	-	-	-
517	qbasic	tor	qbdemo	none	0	0	-	-	-
518	qbasic	pete	torndc	none	0	0	-	-	-
519	qbasic	pete	upperlowerconversion	none	0	0	-	-	-
520	qbasic	pete	vektor	none	0	0	-	-	-
521	qbasic	pete	vsphere	none	0	0	-	-	-
522	qbasic	wetspot	wetspot	none	1	1	-	-	-
523	qbasic	pete	zodiac4	none	0	0	-	-	-
524	qbasic	action	4pong	none	0	0	-	-	-
525	qbasic	arcdemo	arcdemo	none	0	0	-	-	-
526	qbasic	arqanoid	arqanoid	none	0	0	-	-	-
527	qbasic	arqanoid	lvldesgn	none	0	0	-	-	-
528	qbasic	action	astrowars	none	0	0	-	-	-
529	qbasic	abacus	a12gfx	none	0	0	-	-	-
530	qbasic	abacus	abacus12	none	1	1	-	-	-
531	qbasic	animax	animax	none	1	1	-	-	-
532	qbasic	animax	axgfx	none	0	0	-	-	-
533	qbasic	biochart	bcgfx	none	0	0	-	-	-
534	qbasic	biochart	biochart	none	0	0	-	-	-
535	qbasic	chess	chess	none	0	0	-	-	-
536	qbasic	chess	chesssubs	none	1	1	-	-	-
537	qbasic	kong	k1	none	0	0	-	-	-
538	qbasic	kong	k2	none	0	0	-	-	-
539	qbasic	kong	kong	none	1	1	-	-	-
540	qbasic	leapfrog	leapfrog	none	1	1	-	-	-
541	qbasic	leapfrog	lfgx	none	0	0	-	-	-
542	qbasic	monopoly	mboard	none	0	0	-	-	-
543	qbasic	pongg	pgfx	none	0	0	-	-	-
544	qbasic	pongg	pongg	none	1	1	-	-	-
545	qbasic	rattler	rattler	none	0	0	-	-	-
546	qbasic	sol	s3gfx	none	0	0	-	-	-
547	qbasic	sol	sol3	none	1	1	-	-	-
